ado_project,ado_repo,github_repo,branch
PGOne-PHC-EU,PGOne-PHC-EU,mw-pgone-phc-eu,development
Artus-Braun_CA_EN,Artus-Braun_CA_EN,mw-artus-braun-en-ca,development
Artus-Braun_CA_EN,Artus-Braun_CA_FR,mw-artus-braun-fr-ca,development
Artus-Braun_GR_EL,Artus-Braun_GR_EL,mw-artus-braun-el-gr,development
Artus-Braun_HK_ZH,Artus-Braun_HK_ZH,mw-artus-braun-zh-hk,development
Artus-Braun_KR_KO,Artus-Braun_KR_KO,mw-artus-braun-ko-kr,development
Artus-Braun_LA_ES,Artus-Braun_LA_ES,mw-artus-braun-es-la,development
Artus-Braun_PT_PT,Artus-Braun_PT_PT,mw-artus-braun-pt-pt,development
Artus-Braun_RO_RO,Artus-BRAUN_RO_RO,mw-artus-braun-ro-ro,development
ARTUS-Braun_RS_SR,ARTUS-Braun_RS_SR,mw-artus-braun-sr-rs,development
Artus-Braun_SE_SE,Artus-Braun_SE_SE,mw-artus-braun-se-se,development
Artus-Braun_TW_ZH,Artus-Braun_TW_ZH,mw-artus-braun-zh-tw,development
ARTUS-Braun-IN-EN,ARTUS-Braun-IN-EN,mw-artus-braun-en-in,development
ARTUS-Braun-SG-EN,ARTUS-Braun-SG-EN,mw-artus-braun-en-sg,development
ARTUS-MW-Braun-en-AE,ARTUS-MW-Braun-ar-AE,mw-artus-braun-ar-ae,development
ARTUS-MW-Braun-BE,ARTUS-MW-Braun-BE-FR,mw-artus-braun-fr-be,development
ARTUS-MW-Braun-BE,ARTUS-MW-Braun-BE-NL,mw-artus-braun-nl-be,development
ARTUS-MW-Braun-CZ,ARTUS-MW-Braun-CZ,mw-artus-braun-cs-cz,development
ARTUS-MW-Braun-de-DE,ARTUS-MW-Braun-de-DE,mw-artus-braun-de-de,development
ARTUS-MW-Braun-en-AE,ARTUS-MW-Braun-en-AE,mw-artus-braun-en-ae,development
ARTUS-MW-Braun-en-AU,ARTUS-MW-Braun-en-AU,mw-artus-braun-en-au,development
ARTUS-MW-Braun-en-GB,ARTUS-MW-Braun-en-GB,mw-artus-braun-en-gb,development
ARTUS-MW-Braun-en-SE,ARTUS-MW-Braun-en-SE,mw-artus-braun-en-se,development
ARTUS-MW-Braun-ES,ARTUS-MW-Braun-ES,mw-artus-braun-es-es,development
ARTUS-MW-Braun-fr-FR,ARTUS-MW-Braun-fr-FR,mw-artus-braun-fr-fr,development
ARTUS-MW-Braun-HU,ARTUS-MW-Braun-HU,mw-artus-braun-hu-hu,development
ARTUS-MW-Braun-IT,ARTUS-MW-Braun-IT,mw-artus-braun-it-it,development
ARTUS-MW-Braun-JP,ARTUS-MW-Braun-JP,mw-artus-braun-ja-jp,development
ARTUS-MW-Braun-NL,ARTUS-MW-Braun-NL,mw-artus-braun-nl-nl,development
ARTUS-MW-Braun-PL,ARTUS-MW-Braun-PL,mw-artus-braun-pl-pl,development
ARTUS-MW-Braun-Service-Global,ARTUS-MW-Braun-Service-Global,mw-artus-braun-service-global,development
ARTUS-MW-Braun-TR,ARTUS-MW-Braun-TR,mw-artus-braun-tr-tr,development
MT-MW-PGGoodEveryday-CA,MT-MW-PGGoodEveryday-CA,mw-mt-pggoodeveryday-ca,development
MT-MW-PGGoodEveryday-EN,MT-MW-PGGoodEveryday-EN,mw-mt-pggoodeveryday-us,development
Artus-Braun_CA_EN,Artus-Braun_CA_EN,mw-artus-braun-en-ca,staging
Artus-Braun_CA_EN,Artus-Braun_CA_FR,mw-artus-braun-fr-ca,staging
Artus-Braun_GR_EL,Artus-Braun_GR_EL,mw-artus-braun-el-gr,staging
Artus-Braun_HK_ZH,Artus-Braun_HK_ZH,mw-artus-braun-zh-hk,staging
Artus-Braun_KR_KO,Artus-Braun_KR_KO,mw-artus-braun-ko-kr,staging
Artus-Braun_LA_ES,Artus-Braun_LA_ES,mw-artus-braun-es-la,staging
Artus-Braun_PT_PT,Artus-Braun_PT_PT,mw-artus-braun-pt-pt,staging
Artus-Braun_RO_RO,Artus-BRAUN_RO_RO,mw-artus-braun-ro-ro,staging
ARTUS-Braun_RS_SR,ARTUS-Braun_RS_SR,mw-artus-braun-sr-rs,staging
Artus-Braun_SE_SE,Artus-Braun_SE_SE,mw-artus-braun-se-se,staging
Artus-Braun_TW_ZH,Artus-Braun_TW_ZH,mw-artus-braun-zh-tw,staging
ARTUS-Braun-IN-EN,ARTUS-Braun-IN-EN,mw-artus-braun-en-in,staging
ARTUS-Braun-SG-EN,ARTUS-Braun-SG-EN,mw-artus-braun-en-sg,staging
ARTUS-MW-Braun-en-AE,ARTUS-MW-Braun-ar-AE,mw-artus-braun-ar-ae,staging
ARTUS-MW-Braun-BE,ARTUS-MW-Braun-BE-FR,mw-artus-braun-fr-be,staging
ARTUS-MW-Braun-BE,ARTUS-MW-Braun-BE-NL,mw-artus-braun-nl-be,staging
ARTUS-MW-Braun-CZ,ARTUS-MW-Braun-CZ,mw-artus-braun-cs-cz,staging
ARTUS-MW-Braun-de-DE,ARTUS-MW-Braun-de-DE,mw-artus-braun-de-de,staging
ARTUS-MW-Braun-en-AE,ARTUS-MW-Braun-en-AE,mw-artus-braun-en-ae,staging
ARTUS-MW-Braun-en-AU,ARTUS-MW-Braun-en-AU,mw-artus-braun-en-au,staging
ARTUS-MW-Braun-en-GB,ARTUS-MW-Braun-en-GB,mw-artus-braun-en-gb,staging
ARTUS-MW-Braun-en-SE,ARTUS-MW-Braun-en-SE,mw-artus-braun-en-se,staging
ARTUS-MW-Braun-ES,ARTUS-MW-Braun-ES,mw-artus-braun-es-es,staging
ARTUS-MW-Braun-fr-FR,ARTUS-MW-Braun-fr-FR,mw-artus-braun-fr-fr,staging
ARTUS-MW-Braun-HU,ARTUS-MW-Braun-HU,mw-artus-braun-hu-hu,staging
ARTUS-MW-Braun-IT,ARTUS-MW-Braun-IT,mw-artus-braun-it-it,staging
ARTUS-MW-Braun-JP,ARTUS-MW-Braun-JP,mw-artus-braun-ja-jp,staging
ARTUS-MW-Braun-NL,ARTUS-MW-Braun-NL,mw-artus-braun-nl-nl,staging
ARTUS-MW-Braun-PL,ARTUS-MW-Braun-PL,mw-artus-braun-pl-pl,staging
ARTUS-MW-Braun-Service-Global,ARTUS-MW-Braun-Service-Global,mw-artus-braun-service-global,staging
ARTUS-MW-Braun-TR,ARTUS-MW-Braun-TR,mw-artus-braun-tr-tr,staging
MT-MW-PGGoodEveryday-CA,MT-MW-PGGoodEveryday-CA,mw-mt-pggoodeveryday-ca,stage
MT-MW-PGGoodEveryday-EN,MT-MW-PGGoodEveryday-EN,mw-mt-pggoodeveryday-us,stage
